id,username,email,password,first_name,last_name,verified,staff,admin,ip_address_v4,ip_address_v6,last_login_date,last_login_time,last_login_timezone
1,wpantry0,wpantry0@springer.com,qBnSr7eiQB0,Wally,Pantry,,,,58.88.39.112,a7ba:c490:435a:fcc0:75ef:2c4b:ee39:d111,10/23/2020,7:59 PM,Asia/Shanghai
2,gcardinale1,gcardinale1@nps.gov,uhbd9o7pen9g,Ginnie,Cardinale,true,,,84.242.218.5,6cbd:65ef:d1c3:60a0:d461:cba4:f801:b55f,10/14/2020,11:16 PM,Asia/Chongqing
3,dsillito2,dsillito2@whitehouse.gov,ql42mtrMeYKr,Debi,Sillito,false,true,,222.173.126.187,2563:47ff:3269:2a0e:265d:87ba:28a7:ea6,9/20/2020,3:11 PM,America/Argentina/Jujuy
4,ikenningham3,ikenningham3@sourceforge.net,mxXQdruv,Izzy,Kenningham,true,,,170.170.22.92,fc25:b526:482e:5bdd:dc15:4756:cb67:cb4e,4/30/2020,7:00 PM,Europe/Warsaw
5,cscarratt4,cscarratt4@tmall.com,JzakmOMY,Cecil,Scarratt,,,,195.240.26.103,8a6f:4f8e:af0e:9d88:9a3d:db9a:9bd2:81b1,8/14/2020,9:25 AM,America/Mexico_City
6,lmacane5,lmacane5@fema.gov,SqaPKOwZG8x,Lexis,MacAne,,,,152.27.5.83,f1b5:c479:a249:99d9:6944:cb11:fbe0:5703,7/15/2020,1:32 PM,America/Argentina/Salta
7,jclymer6,jclymer6@privacy.gov.au,scydCIqbfHjY,Jeff,Clymer,true,,,164.94.102.16,63f5:b21c:d94d:7807:ad5:58d9:5243:d53c,7/21/2020,12:11 PM,Asia/Ho_Chi_Minh
8,mlangrish7,mlangrish7@vistaprint.com,4d7UkNGAz56T,Massimiliano,Langrish,,,,117.200.225.57,eff2:69fd:575f:6c81:e93b:4f41:d7ba:2400,3/21/2021,1:54 AM,America/Mexico_City
9,cisacq8,cisacq8@rakuten.co.jp,d6HxsP3,Claudine,Isacq,true,,,209.47.131.113,b403:2ae3:72b8:8ec:2a7f:90e3:1a86:ffdb,5/6/2020,1:55 AM,America/Montreal
10,mkamiyama9,mkamiyama9@about.com,fPqUx5Y,Mirella,Kamiyama,true,,,86.141.40.87,5a3:7f89:3b14:fc43:ceec:5cb1:985:776c,1/28/2021,6:56 AM,Asia/Samarkand
11,trabla,trabla@pcworld.com,QuWCRV5i,Tedra,Rabl,,,,180.182.45.245,4ae3:c76b:2995:2f0a:20e7:ca22:f949:7b24,5/3/2020,4:50 PM,Asia/Shanghai
12,cfewellb,cfewellb@phpbb.com,vn7IB1kfQ,Crysta,Fewell,true,,,220.75.170.149,8127:a3fe:645e:73fe:3e48:f3ea:52e:6c1,7/29/2020,11:09 AM,Asia/Tokyo
13,ebotcherbyc,ebotcherbyc@nsw.gov.au,WdmwxZWuUi,Earvin,Botcherby,false,,,33.72.248.54,5bbf:7d68:5fb:89e9:3c94:71bc:31d3:e71a,9/25/2020,10:49 PM,Asia/Chongqing
14,tfullegard,tfullegard@comcast.net,gXm6oa,Tibold,Fullegar,true,,,67.26.146.29,2e57:e035:56fc:d36c:d8ae:8a08:e08f:533a,12/14/2020,11:25 AM,Asia/Shanghai
15,gducharte,gducharte@over-blog.com,MHS7SWsav,Gregory,Duchart,,,,8.154.223.186,68b3:c03e:beaf:6af6:b365:c7f0:cadd:ca8a,1/11/2021,6:02 AM,Asia/Makassar
16,drochewellf,drochewellf@jiathis.com,PcVIaQFVP,Donica,Rochewell,,,,197.172.15.165,efc0:399a:1c44:d7e5:268d:42e7:1908:4c49,8/15/2020,6:09 AM,Asia/Bangkok
17,jcowingg,jcowingg@theatlantic.com,Nwvuarv,Joella,Cowing,,,,252.81.73.188,bdab:f625:14af:23bf:1521:ac87:d90a:89d8,4/18/2020,4:09 PM,Africa/Harare
18,fobeneyh,fobeneyh@godaddy.com,HxZIf056uIH,Florella,Obeney,false,,,24.44.241.174,74a1:ec77:5b3b:a541:1b9d:4528:9318:2667,7/29/2020,11:22 PM,Asia/Chongqing
19,bcarlonii,bcarlonii@clickbank.net,cBgOQIkhY9,Blake,Carloni,false,,,24.107.57.33,4831:1427:b88a:8374:e427:fd4f:5ec1:cf49,3/26/2021,12:29 AM,America/Mazatlan
20,cdolderj,cdolderj@quantcast.com,t41qKD,Chase,Dolder,false,,,233.137.98.231,4ef0:2447:859f:27c7:5276:867f:4304:2738,5/18/2020,12:55 AM,Europe/Moscow
21,mrennickk,mrennickk@comcast.net,SgHjXxvXfx,Maisie,Rennick,true,,,19.208.248.17,4a53:795a:795b:9436:af60:9770:1ff6:3804,4/7/2021,9:41 PM,Africa/Accra
22,lwaightl,lwaightl@zimbio.com,HKzajpJ8Rr,Lian,Waight,,,,136.185.223.66,7b06:a946:741b:fc03:121a:760d:31c1:36da,11/10/2020,1:11 PM,Africa/Ouagadougou
23,scalderheadm,scalderheadm@issuu.com,Yjy8bNhkev,Sayre,Calderhead,true,,,67.96.193.185,561:ae4b:9727:623:44e9:b8a3:c743:755c,11/19/2020,10:26 AM,Africa/Bangui
24,dwheldonn,dwheldonn@buzzfeed.com,LyJ0xtT,Donella,Wheldon,false,,,51.216.189.88,9f85:bbe3:96ec:f258:f0fa:c715:50c8:cc86,9/19/2020,7:27 AM,America/Bogota
25,gpoleyketto,gpoleyketto@jugem.jp,tWAqZPfqkLp1,Gabrila,Poleykett,false,,,216.126.238.19,b003:779f:b097:e082:f779:fc1f:e5a3:86af,7/9/2020,3:51 PM,Europe/Paris
26,rdarganp,rdarganp@si.edu,Dn5wqglfFE,Rebekkah,Dargan,,,,184.42.180.21,973b:eab:1b97:e261:aaa2:474:45a2:3615,10/12/2020,4:53 PM,Europe/Minsk
27,tdodleq,tdodleq@businessinsider.com,8SYpVA3OTo,Thibaud,Dodle,false,,,139.63.114.143,3bd7:e11b:ad90:c7fe:46c2:5606:3298:21fc,10/19/2020,11:37 AM,Asia/Baku
28,sealesr,sealesr@simplemachines.org,tYm0Vu,Sadye,Eales,true,,,36.15.57.187,e27a:2255:6209:9b27:7e5d:a6b1:836:7f5a,1/31/2021,3:11 AM,Asia/Makassar
29,pfranzmans,pfranzmans@facebook.com,7reJ8Tgk0,Pippa,Franzman,,,,114.3.197.135,e935:8f86:8821:cc06:e028:9df:6ee2:c25c,8/31/2020,7:55 PM,Asia/Manila
30,cjewkst,cjewkst@columbia.edu,SG2PoT2y,Clarie,Jewks,,,,87.147.250.64,7452:d711:d599:dbbd:562f:a2:c170:da31,10/12/2020,9:26 AM,Pacific/Port_Moresby
31,vreyneu,vreyneu@nature.com,n1F1IVnBr8,Violetta,Reyne,true,,,34.173.199.140,543f:f810:53dd:f953:76d2:4a2:3143:face,4/12/2020,6:02 PM,Asia/Jakarta
32,dbloisv,dbloisv@mtv.com,7SdhlOiMF5Zf,Debera,Blois,,,,159.55.122.142,a8a9:787e:2679:e7e5:7ab0:44c5:b8de:a219,12/10/2020,1:54 PM,Europe/Stockholm
33,cfettiplacew,cfettiplacew@fc2.com,TLh28TcyXgcm,Cyndie,Fettiplace,,,,56.15.107.162,2200:1ea:1f17:ec76:dabd:9e12:c19:c4e1,3/12/2021,6:28 AM,Asia/Shanghai
34,mderbyshirex,mderbyshirex@intel.com,VBX9J01,Maryann,Derbyshire,,,,85.156.86.212,8000:ccf7:ca14:fe7d:9c83:ba87:679f:cefd,5/4/2020,2:03 PM,Africa/Abidjan
35,rfaulknery,rfaulknery@forbes.com,wotTPN520,Rodney,Faulkner,true,,,213.6.132.79,e7f2:78c:8f68:d856:8b60:eec3:6081:471a,2/1/2021,9:14 AM,America/Fortaleza
36,ckoomarz,ckoomarz@homestead.com,B0hi9c2,Caddric,Koomar,false,,,248.116.207.111,83d3:6203:c71a:77cf:d9e0:3b62:f0cb:7d8d,2/22/2021,9:10 PM,America/Montreal
37,cmcnulty10,cmcnulty10@icio.us,KOyj1L64w98U,Carmon,McNulty,,,,14.221.200.82,5366:978f:2eeb:ee7a:ff18:32d3:b3af:f7a8,8/23/2020,10:09 PM,Asia/Yerevan
38,ystathers11,ystathers11@comcast.net,kJe48LtVn,Yovonnda,Stathers,true,,,228.226.169.49,d78:a22b:b39e:a514:a9ac:676e:23ef:6501,5/28/2020,1:59 AM,America/Bogota
39,ahaylor12,ahaylor12@tiny.cc,o8flSW7Iy,Andris,Haylor,false,,,31.167.125.252,3107:aab1:c18f:311a:d41d:73ca:b35e:a139,4/14/2020,10:25 PM,Asia/Shanghai
40,mcadden13,mcadden13@yelp.com,3IL85nB,Myrah,Cadden,true,,,24.226.135.87,b8f2:1fec:deb1:3ef:c407:e4de:4f6b:d69e,9/3/2020,11:57 PM,Europe/Istanbul
41,emassot14,emassot14@digg.com,ywnbzFdY,Edgardo,Massot,,,,106.85.145.207,304a:7651:48a6:736d:370f:7ce6:d017:3221,9/11/2020,8:51 PM,Asia/Jakarta
42,mneill15,mneill15@europa.eu,R1tKnLyOLAD,Marve,Neill,true,,,72.185.66.195,c7cc:140e:1af4:3d45:7a8b:6021:23fc:ba1e,1/25/2021,10:48 AM,Europe/Helsinki
43,ypoulsum16,ypoulsum16@foxnews.com,Dw14CACXJ8r,Yanaton,Poulsum,true,,,155.253.123.102,8b1:ed8c:fe53:9fb4:6fd:e2ff:6a55:4204,8/11/2020,3:58 AM,Europe/Paris
44,kjuza17,kjuza17@elegantthemes.com,QESR3EBv8Yj,Korie,Juza,,,,161.150.234.120,508d:bc2d:6387:753f:a03c:d396:d99f:93b2,6/4/2020,2:29 AM,Africa/Lagos
45,spittock18,spittock18@dailymail.co.uk,zlK7z5fTke,Shelly,Pittock,false,,,86.57.124.247,e37d:ebbf:dd14:ad3e:e518:2359:cc36:dfe5,12/10/2020,1:12 AM,Europe/Paris
46,ngradwell19,ngradwell19@themeforest.net,PUPZqPxLugqm,Niven,Gradwell,false,,,175.88.39.91,1e83:e72a:18e0:af50:3894:7fcd:5f0f:394c,9/17/2020,12:48 AM,America/Argentina/Buenos_Aires
47,tjaspar1a,tjaspar1a@wikipedia.org,1mVYHH9,Tessa,Jaspar,,,,96.80.57.169,2f77:70cf:ad3e:b9f4:6303:790e:5649:84e9,3/21/2021,9:59 PM,Asia/Shanghai
48,njevon1b,njevon1b@marketwatch.com,0j40V16zGvaF,Nadya,Jevon,false,,,44.81.197.50,4e3f:9223:72d6:f335:d5cc:6f0f:1da3:dff1,12/23/2020,8:14 PM,Asia/Chongqing
49,bmckechnie1c,bmckechnie1c@cbc.ca,Bna6quVzd,Byram,McKechnie,,,,89.85.12.98,d8f0:243c:a935:3b0e:2cc5:77fa:2958:e968,4/15/2020,7:42 AM,Asia/Chongqing
50,ckeeri1d,ckeeri1d@fc2.com,F2rV58i2Scq,Corenda,Keeri,false,,,42.216.80.91,475c:72f1:26f9:33cd:f92d:470e:c4e5:eaf4,8/25/2020,1:34 AM,Asia/Chongqing
