id,avatar,username,email,first_name,last_name,address,state,city,posta_code,country
1,https://robohash.org/etnequealiquid.png?size=512x512&set=set1,dsecombe0,dsecombe0@pen.io,Dill,Secombe,55298 Service Center,,Okrika,,Nigeria
2,https://robohash.org/quisquamnihilperspiciatis.png?size=512x512&set=set1,eleyfield1,eleyfield1@unblog.fr,Edie,Leyfield,833 Susan Terrace,Évora,Vila Viçosa,7160-208,Portugal
3,https://robohash.org/voluptasveritatisatque.png?size=512x512&set=set1,thurnell2,thurnell2@aol.com,Tabby,Hurnell,57 Mandrake Junction,Santarém,Olival,2435-454,Portugal
4,https://robohash.org/repellendusnemoconsequatur.png?size=512x512&set=set1,cgoff3,cgoff3@csmonitor.com,Claude,Goff,4 Longview Avenue,Sachsen,Leipzig,04109,Germany
5,https://robohash.org/magnamdistinctioest.png?size=512x512&set=set1,hcasburn4,hcasburn4@addthis.com,Hadley,Casburn,24 Jackson Street,Pays de la Loire,Le Mans,72004 CEDEX 1,France
6,https://robohash.org/nequearchitectooccaecati.png?size=512x512&set=set1,ztutt5,ztutt5@cloudflare.com,Zollie,Tutt,99583 Corry Road,,Havtsal,,Mongolia
7,https://robohash.org/etdolorodit.png?size=512x512&set=set1,chamel6,chamel6@thetimes.co.uk,Chance,Hamel,6 Northland Terrace,,Masaraway,3714,Philippines
8,https://robohash.org/utullamincidunt.png?size=512x512&set=set1,igebhardt7,igebhardt7@chron.com,Ines,Gebhardt,812 Grasskamp Center,,Heting,,China
9,https://robohash.org/remeosconsequuntur.png?size=512x512&set=set1,knormanvell8,knormanvell8@domainmarket.com,Kain,Normanvell,206 Almo Trail,,Oripää,32500,Finland
10,https://robohash.org/voluptatesidat.png?size=512x512&set=set1,kmorford9,kmorford9@yolasite.com,Katya,Morford,66 Darwin Circle,,Digos,8006,Philippines
11,https://robohash.org/commodiestrerum.png?size=512x512&set=set1,jcornhilla,jcornhilla@opera.com,Jaclyn,cornhill,68 Melby Lane,,Suzëmka,242190,Russia
12,https://robohash.org/maioresreiciendisrerum.png?size=512x512&set=set1,pbouttellb,pbouttellb@nps.gov,Parke,Bouttell,3 Lake View Road,Oslo,Oslo,0571,Norway
13,https://robohash.org/hicexplicabonihil.png?size=512x512&set=set1,nduryc,nduryc@issuu.com,Nelly,Dury,8 Gerald Park,,Sakrand,67210,Pakistan
14,https://robohash.org/doloresconsequaturtempore.png?size=512x512&set=set1,mfurberd,mfurberd@deliciousdays.com,Mychal,Furber,16049 1st Avenue,,Karangcombong,,Indonesia
15,https://robohash.org/nameaqueest.png?size=512x512&set=set1,nslowane,nslowane@behance.net,Neille,Slowan,045 Petterle Street,Beja,Monte Novo,7780-256,Portugal
16,https://robohash.org/exdeseruntratione.png?size=512x512&set=set1,parmigerf,parmigerf@mlb.com,Page,Armiger,36279 La Follette Center,Lisboa,Paço,2530-692,Portugal
17,https://robohash.org/natusquiaquos.png?size=512x512&set=set1,mtippettg,mtippettg@yellowbook.com,Marc,Tippett,4 Troy Junction,,Bagumbayan,9810,Philippines
18,https://robohash.org/debitisdolorevero.png?size=512x512&set=set1,lmagogh,lmagogh@cisco.com,Lanny,Magog,69439 Paget Parkway,,Bali,,Cameroon
19,https://robohash.org/etautemrem.png?size=512x512&set=set1,parri,parri@yellowbook.com,Pierrette,Arr,95 Hayes Plaza,Stockholm,Solna,169 30,Sweden
20,https://robohash.org/errorquiseos.png?size=512x512&set=set1,tmapesj,tmapesj@abc.net.au,Tomaso,Mapes,915 Old Shore Hill,,Longnawang,,Indonesia
21,https://robohash.org/vitaeconsequaturfugiat.png?size=512x512&set=set1,srayburnk,srayburnk@infoseek.co.jp,Sophia,Rayburn,5 Badeau Point,,Dzhayrakh,309273,Russia
22,https://robohash.org/quideseruntvoluptatem.png?size=512x512&set=set1,sadneyl,sadneyl@go.com,Siward,Adney,14410 Dayton Place,,Jiadingzhen,,China
23,https://robohash.org/utquiveritatis.png?size=512x512&set=set1,felstubm,felstubm@topsy.com,Fredrick,Elstub,10 Northport Crossing,Chiapas,San Miguel,30560,Mexico
24,https://robohash.org/nihilquiacorrupti.png?size=512x512&set=set1,jaubrunn,jaubrunn@blogs.com,Jamil,Aubrun,308 Hauk Way,,Kayapa,3708,Philippines
25,https://robohash.org/eteadolorem.png?size=512x512&set=set1,tgregro,tgregro@cbslocal.com,Tiffani,Gregr,333 Superior Center,,Sukabatu,,Indonesia
26,https://robohash.org/etquaeut.png?size=512x512&set=set1,lasplingp,lasplingp@hibu.com,Lennie,Aspling,31 Ramsey Parkway,,Anyang-si,,South Korea
27,https://robohash.org/minimaitaquerepellendus.png?size=512x512&set=set1,udreghornq,udreghornq@facebook.com,Urson,Dreghorn,691 Westridge Road,,Bāfq,,Iran
28,https://robohash.org/estoditducimus.png?size=512x512&set=set1,hcuttsr,hcuttsr@time.com,Hallsy,Cutts,0 Texas Terrace,,Nasilava,,Belarus
29,https://robohash.org/animifugiatvitae.png?size=512x512&set=set1,lharnells,lharnells@wordpress.org,Lexy,Harnell,313 Burning Wood Way,,Gabès,,Tunisia
30,https://robohash.org/sedetvero.png?size=512x512&set=set1,sbampfieldt,sbampfieldt@bloglovin.com,Silvie,Bampfield,5543 Warbler Hill,Prince Edward Island,Montague,C0A,Canada
31,https://robohash.org/laudantiumetqui.png?size=512x512&set=set1,gchurnu,gchurnu@google.es,Gipsy,Churn,83212 Buell Avenue,,Comalapa,04004,Guatemala
32,https://robohash.org/suntdoloresrerum.png?size=512x512&set=set1,abaggv,abaggv@surveymonkey.com,Aldin,Bagg,550 Ludington Crossing,,Balekersukamaju,,Indonesia
33,https://robohash.org/sitauteos.png?size=512x512&set=set1,amaidstonew,amaidstonew@netlog.com,August,Maidstone,8668 Tennessee Center,,Lélouma,,Guinea
34,https://robohash.org/consequunturvelitvoluptatem.png?size=512x512&set=set1,wwartnabyx,wwartnabyx@theatlantic.com,Wyndham,Wartnaby,59 Bluestem Parkway,,Ugljevik,,Bosnia and Herzegovina
35,https://robohash.org/molestiaemollitianon.png?size=512x512&set=set1,bimorey,bimorey@acquirethisname.com,Belva,Imore,654 Lakeland Avenue,,Waegwan,,South Korea
36,https://robohash.org/blanditiisvelrerum.png?size=512x512&set=set1,jcarloniz,jcarloniz@xinhuanet.com,Jemmy,Carloni,7 Springview Point,,Hrádek,739 97,Czech Republic
37,https://robohash.org/autatut.png?size=512x512&set=set1,bbehnen10,bbehnen10@paypal.com,Bancroft,Behnen,0737 Butternut Park,,Nilópolis,26500-000,Brazil
38,https://robohash.org/voluptasculpaet.png?size=512x512&set=set1,jlorenz11,jlorenz11@bravesites.com,Jameson,Lorenz,92884 Manley Terrace,,Tongyuanpu,,China
39,https://robohash.org/ipsumetdolorum.png?size=512x512&set=set1,jdennitts12,jdennitts12@privacy.gov.au,Jeff,Dennitts,4 2nd Lane,,Grahamstown,6150,South Africa
40,https://robohash.org/repudiandaeeiusquaerat.png?size=512x512&set=set1,acarnoghan13,acarnoghan13@springer.com,Auroora,Carnoghan,1 Onsgard Parkway,,Old Harbour Bay,,Jamaica
41,https://robohash.org/iurerationefuga.png?size=512x512&set=set1,jlippi14,jlippi14@opensource.org,Joycelin,Lippi,08837 Loftsgordon Parkway,,Nguken,,Indonesia
42,https://robohash.org/doloremquilabore.png?size=512x512&set=set1,wtallant15,wtallant15@rambler.ru,Wake,Tallant,47076 Scoville Street,,Kisoro,,Uganda
43,https://robohash.org/laborerepellendusaperiam.png?size=512x512&set=set1,kdrew16,kdrew16@wikipedia.org,Kerby,Drew,56 Darwin Way,,Kimil’tey,665375,Russia
44,https://robohash.org/perferendisnatusaperiam.png?size=512x512&set=set1,jgoodey17,jgoodey17@nasa.gov,Jenny,Goodey,69140 Fisk Circle,,Wuli,,China
45,https://robohash.org/pariaturblanditiisnecessitatibus.png?size=512x512&set=set1,goglethorpe18,goglethorpe18@kickstarter.com,Gladi,Oglethorpe,4 Sachs Way,,Surat Thani,84150,Thailand
46,https://robohash.org/nonverotempore.png?size=512x512&set=set1,slawrinson19,slawrinson19@gov.uk,Shanda,Lawrinson,90259 Bartillon Circle,,Tanalt,,Morocco
47,https://robohash.org/magniodita.png?size=512x512&set=set1,pfalkus1a,pfalkus1a@g.co,Portie,Falkus,88 Monica Trail,,Banjar Ponggang,,Indonesia
48,https://robohash.org/aliquidvoluptatesmodi.png?size=512x512&set=set1,emeus1b,emeus1b@webmd.com,Elke,Meus,39 Montana Lane,,Salogon,4425,Philippines
49,https://robohash.org/etquodomnis.png?size=512x512&set=set1,ktruggian1c,ktruggian1c@wikimedia.org,Kitty,Truggian,4463 Scofield Pass,Lorraine,Marly,57155,France
50,https://robohash.org/sintnumquamquidem.png?size=512x512&set=set1,ereyner1d,ereyner1d@linkedin.com,Elwood,Reyner,0 Pepper Wood Plaza,,Tankhoy,671221,Russia
